[{"id":"_help_Otzi9La2YAUX","title":"Installation & Setup","type":"book","attributes":[{"name":"iconClass","value":"bx bx-cog","type":"label"}],"children":[{"id":"_help_poXkQfguuA0U","title":"Desktop Installation","type":"doc","attributes":[{"type":"label","name":"docName","value":"User Guide/User Guide/Installation & Setup/Desktop Installation"},{"name":"iconClass","value":"bx bx-file","type":"label"}]},{"id":"_help_WOcw2SLH6tbX","title":"Server Installation","type":"doc","attributes":[{"type":"label","name":"docName","value":"User Guide/User Guide/Installation & Setup/Server Installation"},{"name":"iconClass","value":"bx bx-file","type":"label"}],"children":[{"id":"_help_Dgg7bR3b6K9j","title":"1. Installing the server","type":"book","attributes":[{"name":"iconClass","value":"bx bx-folder","type":"label"}],"children":[{"id":"_help_3tW6mORuTHnB","title":"Packaged version for Linux","type":"doc","attributes":[{"type":"label","name":"docName","value":"User Guide/User Guide/Installation & Setup/Server Installation/1. Installing the server/Packaged version for Linux"},{"name":"iconClass","value":"bx bxl-tux","type":"label"}]},{"id":"_help_rWX5eY045zbE","title":"Using Docker","type":"doc","attributes":[{"type":"label","name":"docName","value":"User Guide/User Guide/Installation & Setup/Server Installation/1. Installing the server/Using Docker"},{"name":"iconClass","value":"bx bxl-docker","type":"label"}]},{"id":"_help_moVgBcoxE3EK","title":"On NixOS","type":"doc","attributes":[{"type":"label","name":"docName","value":"User Guide/User Guide/Installation & Setup/Server Installation/1. Installing the server/On NixOS"},{"name":"iconClass","value":"bx bxl-tux","type":"label"}]},{"id":"_help_J1Bb6lVlwU5T","title":"Manually","type":"doc","attributes":[{"type":"label","name":"docName","value":"User Guide/User Guide/Installation & Setup/Server Installation/1. Installing the server/Manually"},{"name":"iconClass","value":"bx bx-code-alt","type":"label"}]},{"id":"_help_DCmT6e7clMoP","title":"Using Kubernetes","type":"doc","attributes":[{"type":"label","name":"docName","value":"User Guide/User Guide/Installation & Setup/Server Installation/1. Installing the server/Using Kubernetes"},{"name":"iconClass","value":"bx bxl-kubernetes","type":"label"}]},{"id":"_help_klCWNks3ReaQ","title":"Multiple server instances","type":"doc","attributes":[{"type":"label","name":"docName","value":"User Guide/User Guide/Installation & Setup/Server Installation/1. Installing the server/Multiple server instances"},{"name":"iconClass","value":"bx bxs-user-account","type":"label"}]}]},{"id":"_help_vcjrb3VVYPZI","title":"2. Reverse proxy","type":"book","attributes":[{"name":"iconClass","value":"bx bx-folder","type":"label"}],"children":[{"id":"_help_ud6MShXL4WpO","title":"Nginx","type":"doc","attributes":[{"type":"label","name":"docName","value":"User Guide/User Guide/Installation & Setup/Server Installation/2. Reverse proxy/Nginx"},{"name":"iconClass","value":"bx bx-file","type":"label"}]},{"id":"_help_fDLvzOx29Pfg","title":"Apache","type":"doc","attributes":[{"type":"label","name":"docName","value":"User Guide/User Guide/Installation & Setup/Server Installation/2. Reverse proxy/Apache"},{"name":"iconClass","value":"bx bx-file","type":"label"}]}]},{"id":"_help_l2VkvOwUNfZj","title":"TLS Configuration","type":"doc","attributes":[{"type":"label","name":"docName","value":"User Guide/User Guide/Installation & Setup/Server Installation/TLS Configuration"},{"name":"iconClass","value":"bx bx-file","type":"label"}]}]},{"id":"_help_cbkrhQjrkKrh","title":"Synchronization","type":"doc","attributes":[{"type":"label","name":"docName","value":"User Guide/User Guide/Installation & Setup/Synchronization"},{"name":"iconClass","value":"bx bx-sync","type":"label"}]},{"id":"_help_RDslemsQ6gCp","title":"Mobile Frontend","type":"doc","attributes":[{"type":"label","name":"docName","value":"User Guide/User Guide/Installation & Setup/Mobile Frontend"},{"name":"iconClass","value":"bx bx-mobile-alt","type":"label"}]},{"id":"_help_MtPxeAWVAzMg","title":"Web Clipper","type":"doc","attributes":[{"type":"label","name":"docName","value":"User Guide/User Guide/Installation & Setup/Web Clipper"},{"name":"iconClass","value":"bx bx-file","type":"label"}]},{"id":"_help_n1lujUxCwipy","title":"Upgrading TriliumNext","type":"doc","attributes":[{"type":"label","name":"docName","value":"User Guide/User Guide/Installation & Setup/Upgrading TriliumNext"},{"name":"iconClass","value":"bx bx-file","type":"label"}]},{"id":"_help_ODY7qQn5m2FT","title":"Backup","type":"doc","attributes":[{"type":"label","name":"docName","value":"User Guide/User Guide/Installation & Setup/Backup"},{"name":"iconClass","value":"bx bx-file","type":"label"}]},{"id":"_help_tAassRL4RSQL","title":"Data directory","type":"doc","attributes":[{"type":"label","name":"docName","value":"User Guide/User Guide/Installation & Setup/Data directory"},{"name":"iconClass","value":"bx bx-folder-open","type":"label"}]}]},{"id":"_help_gh7bpGYxajRS","title":"Basic Concepts and Features","type":"book","attributes":[{"name":"iconClass","value":"bx bx-help-circle","type":"label"}],"children":[{"id":"_help_Vc8PjrjAGuOp","title":"UI Elements","type":"book","attributes":[{"name":"iconClass","value":"bx bx-window-alt","type":"label"}],"children":[{"id":"_help_x0JgW8UqGXvq","title":"Vertical and horizontal layout","type":"doc","attributes":[{"type":"label","name":"docName","value":"User Guide/User Guide/Basic Concepts and Features/UI Elements/Vertical and horizontal layout"},{"name":"iconClass","value":"bx bxs-layout","type":"label"}]},{"id":"_help_x3i7MxGccDuM","title":"Global menu","type":"doc","attributes":[{"type":"label","name":"docName","value":"User Guide/User Guide/Basic Concepts and Features/UI Elements/Global menu"},{"name":"iconClass","value":"bx bx-menu","type":"label"}]},{"id":"_help_oPVyFC7WL2Lp","title":"Note Tree","type":"doc","attributes":[{"type":"label","name":"docName","value":"User Guide/User Guide/Basic Concepts and Features/UI Elements/Note Tree"},{"name":"iconClass","value":"bx bxs-tree-alt","type":"label"}],"children":[{"id":"_help_YtSN43OrfzaA","title":"Note tree contextual menu","type":"doc","attributes":[{"type":"label","name":"docName","value":"User Guide/User Guide/Basic Concepts and Features/UI Elements/Note Tree/Note tree contextual menu"},{"name":"iconClass","value":"bx bx-menu","type":"label"}]},{"id":"_help_yTjUdsOi4CIE","title":"Multiple selection","type":"doc","attributes":[{"type":"label","name":"docName","value":"User Guide/User Guide/Basic Concepts and Features/UI Elements/Note Tree/Multiple selection"},{"name":"iconClass","value":"bx bx-list-plus","type":"label"}]}]},{"id":"_help_BlN9DFI679QC","title":"Ribbon","type":"doc","attributes":[{"type":"label","name":"docName","value":"User Guide/User Guide/Basic Concepts and Features/UI Elements/Ribbon"},{"name":"iconClass","value":"bx bx-dots-horizontal","type":"label"}]},{"id":"_help_3seOhtN8uLIY","title":"Tabs","type":"doc","attributes":[{"type":"label","name":"docName","value":"User Guide/User Guide/Basic Concepts and Features/UI Elements/Tabs"},{"name":"iconClass","value":"bx bx-dock-top","type":"label"}]},{"id":"_help_xYmIYSP6wE3F","title":"Launch Bar","type":"doc","attributes":[{"type":"label","name":"docName","value":"User Guide/User Guide/Basic Concepts and Features/UI Elements/Launch Bar"},{"name":"iconClass","value":"bx bx-sidebar","type":"label"}]},{"id":"_help_8YBEPzcpUgxw","title":"Note buttons","type":"doc","attributes":[{"type":"label","name":"docName","value":"User Guide/User Guide/Basic Concepts and Features/UI Elements/Note buttons"},{"name":"iconClass","value":"bx bx-dots-vertical-rounded","type":"label"}]},{"id":"_help_4TIF1oA4VQRO","title":"Options","type":"doc","attributes":[{"type":"label","name":"docName","value":"User Guide/User Guide/Basic Concepts and Features/UI Elements/Options"},{"name":"iconClass","value":"bx bx-cog","type":"label"}]},{"id":"_help_luNhaphA37EO","title":"Split View","type":"doc","attributes":[{"type":"label","name":"docName","value":"User Guide/User Guide/Basic Concepts and Features/UI Elements/Split View"},{"name":"iconClass","value":"bx bx-dock-right","type":"label"}]},{"id":"_help_XpOYSgsLkTJy","title":"Floating buttons","type":"doc","attributes":[{"type":"label","name":"docName","value":"User Guide/User Guide/Basic Concepts and Features/UI Elements/Floating buttons"},{"name":"iconClass","value":"bx bx-rectangle","type":"label"}]},{"id":"_help_RnaPdbciOfeq","title":"Right Sidebar","type":"doc","attributes":[{"type":"label","name":"docName","value":"User Guide/User Guide/Basic Concepts and Features/UI Elements/Right Sidebar"},{"name":"iconClass","value":"bx bxs-dock-right","type":"label"}]},{"id":"_help_r5JGHN99bVKn","title":"Recent Changes","type":"doc","attributes":[{"type":"label","name":"docName","value":"User Guide/User Guide/Basic Concepts and Features/UI Elements/Recent Changes"},{"name":"iconClass","value":"bx bx-history","type":"label"}]},{"id":"_help_ny318J39E5Z0","title":"Zoom","type":"doc","attributes":[{"type":"label","name":"docName","value":"User Guide/User Guide/Basic Concepts and Features/UI Elements/Zoom"},{"name":"iconClass","value":"bx bx-zoom-in","type":"label"}]}]},{"id":"_help_BFs8mudNFgCS","title":"Notes","type":"doc","attributes":[{"type":"label","name":"docName","value":"User Guide/User Guide/Basic Concepts and Features/Notes"},{"name":"iconClass","value":"bx bx-notepad","type":"label"}],"children":[{"id":"_help_p9kXRFAkwN4o","title":"Note Icons","type":"doc","attributes":[{"type":"label","name":"docName","value":"User Guide/User Guide/Basic Concepts and Features/Notes/Note Icons"},{"name":"iconClass","value":"bx bxs-grid","type":"label"}]},{"id":"_help_0vhv7lsOLy82","title":"Attachments","type":"doc","attributes":[{"type":"label","name":"docName","value":"User Guide/User Guide/Basic Concepts and Features/Notes/Attachments"},{"name":"iconClass","value":"bx bx-paperclip","type":"label"}]},{"id":"_help_IakOLONlIfGI","title":"Cloning Notes","type":"doc","attributes":[{"type":"label","name":"docName","value":"User Guide/User Guide/Basic Concepts and Features/Notes/Cloning Notes"},{"name":"iconClass","value":"bx bx-duplicate","type":"label"}],"children":[{"id":"_help_TBwsyfadTA18","title":"Branch prefix","type":"doc","attributes":[{"type":"label","name":"docName","value":"User Guide/User Guide/Basic Concepts and Features/Notes/Cloning Notes/Branch prefix"},{"name":"iconClass","value":"bx bx-rename","type":"label"}]}]},{"id":"_help_bwg0e8ewQMak","title":"Protected Notes","type":"doc","attributes":[{"type":"label","name":"docName","value":"User Guide/User Guide/Basic Concepts and Features/Notes/Protected Notes"},{"name":"iconClass","value":"bx bx-lock-alt","type":"label"}]},{"id":"_help_MKmLg5x6xkor","title":"Archived Notes","type":"doc","attributes":[{"type":"label","name":"docName","value":"User Guide/User Guide/Basic Concepts and Features/Notes/Archived Notes"},{"name":"iconClass","value":"bx bx-box","type":"label"}]},{"id":"_help_vZWERwf8U3nx","title":"Note Revisions","type":"doc","attributes":[{"type":"label","name":"docName","value":"User Guide/User Guide/Basic Concepts and Features/Notes/Note Revisions"},{"name":"iconClass","value":"bx bx-history","type":"label"}]},{"id":"_help_aGlEvb9hyDhS","title":"Sorting Notes","type":"doc","attributes":[{"type":"label","name":"docName","value":"User Guide/User Guide/Basic Concepts and Features/Notes/Sorting Notes"},{"name":"iconClass","value":"bx bx-sort-up","type":"label"}]},{"id":"_help_NRnIZmSMc5sj","title":"Export as PDF","type":"doc","attributes":[{"type":"label","name":"docName","value":"User Guide/User Guide/Basic Concepts and Features/Notes/Export as PDF"},{"name":"iconClass","value":"bx bxs-file-pdf","type":"label"}]},{"id":"_help_CoFPLs3dRlXc","title":"Read-Only Notes","type":"doc","attributes":[{"type":"label","name":"docName","value":"User Guide/User Guide/Basic Concepts and Features/Notes/Read-Only Notes"},{"name":"iconClass","value":"bx bx-edit-alt","type":"label"}]},{"id":"_help_0ESUbbAxVnoK","title":"Note List","type":"doc","attributes":[{"type":"label","name":"docName","value":"User Guide/User Guide/Basic Concepts and Features/Notes/Note List"},{"name":"iconClass","value":"bx bxs-grid","type":"label"}],"children":[{"id":"_help_xWbu3jpNWapp","title":"Calendar View","type":"doc","attributes":[{"type":"label","name":"docName","value":"User Guide/User Guide/Basic Concepts and Features/Notes/Note List/Calendar View"},{"name":"iconClass","value":"bx bx-calendar","type":"label"}]}]}]},{"id":"_help_wArbEsdSae6g","title":"Navigation","type":"book","attributes":[{"name":"iconClass","value":"bx bx-navigation","type":"label"}],"children":[{"id":"_help_kBrnXNG3Hplm","title":"Tree Concepts","type":"doc","attributes":[{"type":"label","name":"docName","value":"User Guide/User Guide/Basic Concepts and Features/Navigation/Tree Concepts"},{"name":"iconClass","value":"bx bx-pyramid","type":"label"}]},{"id":"_help_MMiBEQljMQh2","title":"Note Navigation","type":"doc","attributes":[{"type":"label","name":"docName","value":"User Guide/User Guide/Basic Concepts and Features/Navigation/Note Navigation"},{"name":"iconClass","value":"bx bxs-navigation","type":"label"}]},{"id":"_help_Ms1nauBra7gq","title":"Quick search","type":"doc","attributes":[{"type":"label","name":"docName","value":"User Guide/User Guide/Basic Concepts and Features/Navigation/Quick search"},{"name":"iconClass","value":"bx bx-search-alt-2","type":"label"}]},{"id":"_help_F1r9QtzQLZqm","title":"Jump to Note","type":"doc","attributes":[{"type":"label","name":"docName","value":"User Guide/User Guide/Basic Concepts and Features/Navigation/Jump to Note"},{"name":"iconClass","value":"bx bx-send","type":"label"}]},{"id":"_help_eIg8jdvaoNNd","title":"Search","type":"doc","attributes":[{"type":"label","name":"docName","value":"User Guide/User Guide/Basic Concepts and Features/Navigation/Search"},{"name":"iconClass","value":"bx bx-search-alt-2","type":"label"}]},{"id":"_help_u3YFHC9tQlpm","title":"Bookmarks","type":"doc","attributes":[{"type":"label","name":"docName","value":"User Guide/User Guide/Basic Concepts and Features/Navigation/Bookmarks"},{"name":"iconClass","value":"bx bx-bookmarks","type":"label"}]},{"id":"_help_OR8WJ7Iz9K4U","title":"Note Hoisting","type":"doc","attributes":[{"type":"label","name":"docName","value":"User Guide/User Guide/Basic Concepts and Features/Navigation/Note Hoisting"},{"name":"iconClass","value":"bx bxs-chevrons-up","type":"label"}]},{"id":"_help_9sRHySam5fXb","title":"Workspaces","type":"doc","attributes":[{"type":"label","name":"docName","value":"User Guide/User Guide/Basic Concepts and Features/Navigation/Workspaces"},{"name":"iconClass","value":"bx bx-door-open","type":"label"}]},{"id":"_help_xWtq5NUHOwql","title":"Similar Notes","type":"doc","attributes":[{"type":"label","name":"docName","value":"User Guide/User Guide/Basic Concepts and Features/Navigation/Similar Notes"},{"name":"iconClass","value":"bx bx-bar-chart","type":"label"}]},{"id":"_help_McngOG2jbUWX","title":"Search in note","type":"doc","attributes":[{"type":"label","name":"docName","value":"User Guide/User Guide/Basic Concepts and Features/Navigation/Search in note"},{"name":"iconClass","value":"bx bx-search-alt-2","type":"label"}]}]},{"id":"_help_A9Oc6YKKc65v","title":"Keyboard Shortcuts","type":"doc","attributes":[{"type":"label","name":"docName","value":"User Guide/User Guide/Basic Concepts and Features/Keyboard Shortcuts"},{"name":"iconClass","value":"bx bxs-keyboard","type":"label"}]},{"id":"_help_Wy267RK4M69c","title":"Themes","type":"doc","attributes":[{"type":"label","name":"docName","value":"User Guide/User Guide/Basic Concepts and Features/Themes"},{"name":"iconClass","value":"bx bx-palette","type":"label"}],"children":[{"id":"_help_VbjZvtUek0Ln","title":"Theme Gallery","type":"doc","attributes":[{"type":"label","name":"docName","value":"User Guide/User Guide/Basic Concepts and Features/Themes/Theme Gallery"},{"name":"iconClass","value":"bx bx-book-reader","type":"label"}]}]},{"id":"_help_mHbBMPDPkVV5","title":"Import & Export","type":"book","attributes":[{"name":"iconClass","value":"bx bx-import","type":"label"}],"children":[{"id":"_help_Oau6X9rCuegd","title":"Markdown","type":"doc","attributes":[{"type":"label","name":"docName","value":"User Guide/User Guide/Basic Concepts and Features/Import & Export/Markdown"},{"name":"iconClass","value":"bx bxl-markdown","type":"label"}]},{"id":"_help_syuSEKf2rUGr","title":"Evernote","type":"doc","attributes":[{"type":"label","name":"docName","value":"User Guide/User Guide/Basic Concepts and Features/Import & Export/Evernote"},{"name":"iconClass","value":"bx bx-file","type":"label"}]},{"id":"_help_GnhlmrATVqcH","title":"OneNote","type":"doc","attributes":[{"type":"label","name":"docName","value":"User Guide/User Guide/Basic Concepts and Features/Import & Export/OneNote"},{"name":"iconClass","value":"bx bx-file","type":"label"}]}]},{"id":"_help_rC3pL2aptaRE","title":"Zen mode","type":"doc","attributes":[{"type":"label","name":"docName","value":"User Guide/User Guide/Basic Concepts and Features/Zen mode"},{"name":"iconClass","value":"bx bxs-yin-yang","type":"label"}]}]},{"id":"_help_s3YCWHBfmYuM","title":"Quick Start","type":"doc","attributes":[{"type":"label","name":"docName","value":"User Guide/User Guide/Quick Start"},{"name":"iconClass","value":"bx bx-run","type":"label"}]},{"id":"_help_i6dbnitykE5D","title":"FAQ","type":"doc","attributes":[{"type":"label","name":"docName","value":"User Guide/User Guide/FAQ"},{"name":"iconClass","value":"bx bx-question-mark","type":"label"}]},{"id":"_help_KSZ04uQ2D1St","title":"Note Types","type":"doc","attributes":[{"type":"label","name":"docName","value":"User Guide/User Guide/Note Types"},{"name":"iconClass","value":"bx bx-edit","type":"label"}],"children":[{"id":"_help_iPIMuisry3hd","title":"Text","type":"doc","attributes":[{"type":"label","name":"docName","value":"User Guide/User Guide/Note Types/Text"},{"name":"iconClass","value":"bx bx-note","type":"label"}],"children":[{"id":"_help_NwBbFdNZ9h7O","title":"Block quotes & admonitions","type":"doc","attributes":[{"type":"label","name":"docName","value":"User Guide/User Guide/Note Types/Text/Block quotes & admonitions"},{"name":"iconClass","value":"bx bx-info-circle","type":"label"}]},{"id":"_help_veGu4faJErEM","title":"Content language & Right-to-left support","type":"doc","attributes":[{"type":"label","name":"docName","value":"User Guide/User Guide/Note Types/Text/Content language & Right-to-le"},{"name":"iconClass","value":"bx bx-align-right","type":"label"}]},{"id":"_help_2x0ZAX9ePtzV","title":"Cut to subnote","type":"doc","attributes":[{"type":"label","name":"docName","value":"User Guide/User Guide/Note Types/Text/Cut to subnote"},{"name":"iconClass","value":"bx bx-cut","type":"label"}]},{"id":"_help_UYuUB1ZekNQU","title":"Developer-specific formatting","type":"doc","attributes":[{"type":"label","name":"docName","value":"User Guide/User Guide/Note Types/Text/Developer-specific formatting"},{"name":"iconClass","value":"bx bx-code-alt","type":"label"}],"children":[{"id":"_help_QxEyIjRBizuC","title":"Code blocks","type":"doc","attributes":[{"type":"label","name":"docName","value":"User Guide/User Guide/Note Types/Text/Developer-specific formatting/Code blocks"},{"name":"iconClass","value":"bx bx-code","type":"label"}]}]},{"id":"_help_AgjCISero73a","title":"Footnotes","type":"doc","attributes":[{"type":"label","name":"docName","value":"User Guide/User Guide/Note Types/Text/Footnotes"},{"name":"iconClass","value":"bx bx-bracket","type":"label"}]},{"id":"_help_nRhnJkTT8cPs","title":"Formatting toolbar","type":"doc","attributes":[{"type":"label","name":"docName","value":"User Guide/User Guide/Note Types/Text/Formatting toolbar"},{"name":"iconClass","value":"bx bx-text","type":"label"}]},{"id":"_help_Gr6xFaF6ioJ5","title":"General formatting","type":"doc","attributes":[{"type":"label","name":"docName","value":"User Guide/User Guide/Note Types/Text/General formatting"},{"name":"iconClass","value":"bx bx-bold","type":"label"}]},{"id":"_help_AxshuNRegLAv","title":"Highlights list","type":"doc","attributes":[{"type":"label","name":"docName","value":"User Guide/User Guide/Note Types/Text/Highlights list"},{"name":"iconClass","value":"bx bx-highlight","type":"label"}]},{"id":"_help_mT0HEkOsz6i1","title":"Images","type":"doc","attributes":[{"type":"label","name":"docName","value":"User Guide/User Guide/Note Types/Text/Images"},{"name":"iconClass","value":"bx bx-image-alt","type":"label"}],"children":[{"id":"_help_0Ofbk1aSuVRu","title":"Image references","type":"doc","attributes":[{"type":"label","name":"docName","value":"User Guide/User Guide/Note Types/Text/Images/Image references"},{"name":"iconClass","value":"bx bxs-file-image","type":"label"}]}]},{"id":"_help_nBAXQFj20hS1","title":"Include Note","type":"doc","attributes":[{"type":"label","name":"docName","value":"User Guide/User Guide/Note Types/Text/Include Note"},{"name":"iconClass","value":"bx bx-file","type":"label"}]},{"id":"_help_CohkqWQC1iBv","title":"Insert buttons","type":"doc","attributes":[{"type":"label","name":"docName","value":"User Guide/User Guide/Note Types/Text/Insert buttons"},{"name":"iconClass","value":"bx bx-plus","type":"label"}]},{"id":"_help_oiVPnW8QfnvS","title":"Keyboard shortcuts","type":"doc","attributes":[{"type":"label","name":"docName","value":"User Guide/User Guide/Note Types/Text/Keyboard shortcuts"},{"name":"iconClass","value":"bx bxs-keyboard","type":"label"}]},{"id":"_help_QEAPj01N5f7w","title":"Links","type":"doc","attributes":[{"type":"label","name":"docName","value":"User Guide/User Guide/Note Types/Text/Links"},{"name":"iconClass","value":"bx bx-link-alt","type":"label"}]},{"id":"_help_S6Xx8QIWTV66","title":"Lists","type":"doc","attributes":[{"type":"label","name":"docName","value":"User Guide/User Guide/Note Types/Text/Lists"},{"name":"iconClass","value":"bx bx-list-ul","type":"label"}]},{"id":"_help_QrtTYPmdd1qq","title":"Markdown-like formatting","type":"doc","attributes":[{"type":"label","name":"docName","value":"User Guide/User Guide/Note Types/Text/Markdown-like formatting"},{"name":"iconClass","value":"bx bxl-markdown","type":"label"}]},{"id":"_help_YfYAtQBcfo5V","title":"Math Equations","type":"doc","attributes":[{"type":"label","name":"docName","value":"User Guide/User Guide/Note Types/Text/Math Equations"},{"name":"iconClass","value":"bx bx-math","type":"label"}]},{"id":"_help_dEHYtoWWi8ct","title":"Other features","type":"doc","attributes":[{"type":"label","name":"docName","value":"User Guide/User Guide/Note Types/Text/Other features"},{"name":"iconClass","value":"bx bxs-grid","type":"label"}]},{"id":"_help_BFvAtE74rbP6","title":"Table of contents","type":"doc","attributes":[{"type":"label","name":"docName","value":"User Guide/User Guide/Note Types/Text/Table of contents"},{"name":"iconClass","value":"bx bx-heading","type":"label"}]},{"id":"_help_NdowYOC1GFKS","title":"Tables","type":"doc","attributes":[{"type":"label","name":"docName","value":"User Guide/User Guide/Note Types/Text/Tables"},{"name":"iconClass","value":"bx bx-table","type":"label"}]}]},{"id":"_help_6f9hih2hXXZk","title":"Code","type":"doc","attributes":[{"type":"label","name":"docName","value":"User Guide/User Guide/Note Types/Code"},{"name":"iconClass","value":"bx bx-code","type":"label"}]},{"id":"_help_m523cpzocqaD","title":"Saved Search","type":"doc","attributes":[{"type":"label","name":"docName","value":"User Guide/User Guide/Note Types/Saved Search"},{"name":"iconClass","value":"bx bx-file-find","type":"label"}]},{"id":"_help_iRwzGnHPzonm","title":"Relation Map","type":"doc","attributes":[{"type":"label","name":"docName","value":"User Guide/User Guide/Note Types/Relation Map"},{"name":"iconClass","value":"bx bxs-network-chart","type":"label"}]},{"id":"_help_bdUJEHsAPYQR","title":"Note Map","type":"doc","attributes":[{"type":"label","name":"docName","value":"User Guide/User Guide/Note Types/Note Map"},{"name":"iconClass","value":"bx bxs-network-chart","type":"label"}]},{"id":"_help_HcABDtFCkbFN","title":"Render Note","type":"doc","attributes":[{"type":"label","name":"docName","value":"User Guide/User Guide/Note Types/Render Note"},{"name":"iconClass","value":"bx bx-extension","type":"label"}]},{"id":"_help_GTwFsgaA0lCt","title":"Book","type":"doc","attributes":[{"type":"label","name":"docName","value":"User Guide/User Guide/Note Types/Book"},{"name":"iconClass","value":"bx bx-book","type":"label"}]},{"id":"_help_s1aBHPd79XYj","title":"Mermaid Diagrams","type":"doc","attributes":[{"type":"label","name":"docName","value":"User Guide/User Guide/Note Types/Mermaid Diagrams"},{"name":"iconClass","value":"bx bx-selection","type":"label"}],"children":[{"id":"_help_RH6yLjjWJHof","title":"ELK layout","type":"doc","attributes":[{"type":"label","name":"docName","value":"User Guide/User Guide/Note Types/Mermaid Diagrams/ELK layout"},{"name":"iconClass","value":"bx bxs-network-chart","type":"label"}]}]},{"id":"_help_grjYqerjn243","title":"Canvas","type":"doc","attributes":[{"type":"label","name":"docName","value":"User Guide/User Guide/Note Types/Canvas"},{"name":"iconClass","value":"bx bx-pen","type":"label"}]},{"id":"_help_1vHRoWCEjj0L","title":"Web View","type":"doc","attributes":[{"type":"label","name":"docName","value":"User Guide/User Guide/Note Types/Web View"},{"name":"iconClass","value":"bx bx-globe-alt","type":"label"}]},{"id":"_help_gBbsAeiuUxI5","title":"Mind Map","type":"doc","attributes":[{"type":"label","name":"docName","value":"User Guide/User Guide/Note Types/Mind Map"},{"name":"iconClass","value":"bx bx-sitemap","type":"label"}]},{"id":"_help_81SGnPGMk7Xc","title":"Geo Map","type":"doc","attributes":[{"type":"label","name":"docName","value":"User Guide/User Guide/Note Types/Geo Map"},{"name":"iconClass","value":"bx bx-map-alt","type":"label"}]},{"id":"_help_W8vYD3Q1zjCR","title":"File","type":"doc","attributes":[{"type":"label","name":"docName","value":"User Guide/User Guide/Note Types/File"},{"name":"iconClass","value":"bx bx-file","type":"label"}]}]},{"id":"_help_BgmBlOIl72jZ","title":"Troubleshooting","type":"doc","attributes":[{"type":"label","name":"docName","value":"User Guide/User Guide/Troubleshooting"},{"name":"iconClass","value":"bx bx-bug","type":"label"}],"children":[{"id":"_help_wy8So3yZZlH9","title":"Reporting issues","type":"doc","attributes":[{"type":"label","name":"docName","value":"User Guide/User Guide/Troubleshooting/Reporting issues"},{"name":"iconClass","value":"bx bx-file","type":"label"}]},{"id":"_help_x59R8J8KV5Bp","title":"Anonymized Database","type":"doc","attributes":[{"type":"label","name":"docName","value":"User Guide/User Guide/Troubleshooting/Anonymized Database"},{"name":"iconClass","value":"bx bx-file","type":"label"}]},{"id":"_help_qzNzp9LYQyPT","title":"Error logs","type":"doc","attributes":[{"type":"label","name":"docName","value":"User Guide/User Guide/Troubleshooting/Error logs"},{"name":"iconClass","value":"bx bx-file","type":"label"}]},{"id":"_help_vdlYGAcpXAgc","title":"Synchronization fails with 504 Gateway Timeout","type":"doc","attributes":[{"type":"label","name":"docName","value":"User Guide/User Guide/Troubleshooting/Synchronization fails with 504"},{"name":"iconClass","value":"bx bx-file","type":"label"}]},{"id":"_help_s8alTXmpFR61","title":"Refreshing the application","type":"doc","attributes":[{"type":"label","name":"docName","value":"User Guide/User Guide/Troubleshooting/Refreshing the application"},{"name":"iconClass","value":"bx bx-file","type":"label"}]}]},{"id":"_help_pKK96zzmvBGf","title":"Theme development","type":"book","attributes":[{"name":"iconClass","value":"bx bx-palette","type":"label"}],"children":[{"id":"_help_7NfNr5pZpVKV","title":"Creating a custom theme","type":"doc","attributes":[{"type":"label","name":"docName","value":"User Guide/User Guide/Theme development/Creating a custom theme"},{"name":"iconClass","value":"bx bx-file","type":"label"}]},{"id":"_help_WFGzWeUK6arS","title":"Customize the Next theme","type":"doc","attributes":[{"type":"label","name":"docName","value":"User Guide/User Guide/Theme development/Customize the Next theme"},{"name":"iconClass","value":"bx bx-file","type":"label"}]},{"id":"_help_WN5z4M8ASACJ","title":"Reference","type":"doc","attributes":[{"type":"label","name":"docName","value":"User Guide/User Guide/Theme development/Reference"},{"name":"iconClass","value":"bx bx-file","type":"label"}]},{"id":"_help_AlhDUqhENtH7","title":"Custom app-wide CSS","type":"doc","attributes":[{"type":"label","name":"docName","value":"User Guide/User Guide/Theme development/Custom app-wide CSS"},{"name":"iconClass","value":"bx bx-file","type":"label"}]}]},{"id":"_help_tC7s2alapj8V","title":"Advanced Usage","type":"book","attributes":[{"name":"iconClass","value":"bx bx-rocket","type":"label"}],"children":[{"id":"_help_zEY4DaJG4YT5","title":"Attributes","type":"doc","attributes":[{"type":"label","name":"docName","value":"User Guide/User Guide/Advanced Usage/Attributes"},{"name":"iconClass","value":"bx bx-list-check","type":"label"}],"children":[{"id":"_help_HI6GBBIduIgv","title":"Labels","type":"doc","attributes":[{"type":"label","name":"docName","value":"User Guide/User Guide/Advanced Usage/Attributes/Labels"},{"name":"iconClass","value":"bx bx-hash","type":"label"}]},{"id":"_help_Cq5X6iKQop6R","title":"Relations","type":"doc","attributes":[{"type":"label","name":"docName","value":"User Guide/User Guide/Advanced Usage/Attributes/Relations"},{"name":"iconClass","value":"bx bx-transfer","type":"label"}]},{"id":"_help_bwZpz2ajCEwO","title":"Attribute Inheritance","type":"doc","attributes":[{"type":"label","name":"docName","value":"User Guide/User Guide/Advanced Usage/Attributes/Attribute Inheritance"},{"name":"iconClass","value":"bx bx-list-plus","type":"label"}]},{"id":"_help_OFXdgB2nNk1F","title":"Promoted Attributes","type":"doc","attributes":[{"type":"label","name":"docName","value":"User Guide/User Guide/Advanced Usage/Attributes/Promoted Attributes"},{"name":"iconClass","value":"bx bx-table","type":"label"}]}]},{"id":"_help_KC1HB96bqqHX","title":"Templates","type":"doc","attributes":[{"type":"label","name":"docName","value":"User Guide/User Guide/Advanced Usage/Templates"},{"name":"iconClass","value":"bx bx-copy","type":"label"}]},{"id":"_help_BCkXAVs63Ttv","title":"Note Map (Link map, Tree map)","type":"doc","attributes":[{"type":"label","name":"docName","value":"User Guide/User Guide/Advanced Usage/Note Map (Link map, Tree map)"},{"name":"iconClass","value":"bx bxs-network-chart","type":"label"}]},{"id":"_help_R9pX4DGra2Vt","title":"Sharing","type":"doc","attributes":[{"type":"label","name":"docName","value":"User Guide/User Guide/Advanced Usage/Sharing"},{"name":"iconClass","value":"bx bx-share-alt","type":"label"}],"children":[{"id":"_help_Qjt68inQ2bRj","title":"Serving directly the content of a note","type":"doc","attributes":[{"type":"label","name":"docName","value":"User Guide/User Guide/Advanced Usage/Sharing/Serving directly the content o"},{"name":"iconClass","value":"bx bx-file","type":"label"}]}]},{"id":"_help_5668rwcirq1t","title":"Advanced Showcases","type":"doc","attributes":[{"type":"label","name":"docName","value":"User Guide/User Guide/Advanced Usage/Advanced Showcases"},{"name":"iconClass","value":"bx bx-file","type":"label"}],"children":[{"id":"_help_l0tKav7yLHGF","title":"Day Notes","type":"doc","attributes":[{"type":"label","name":"docName","value":"User Guide/User Guide/Advanced Usage/Advanced Showcases/Day Notes"},{"name":"iconClass","value":"bx bx-calendar","type":"label"}]},{"id":"_help_R7abl2fc6Mxi","title":"Weight Tracker","type":"doc","attributes":[{"type":"label","name":"docName","value":"User Guide/User Guide/Advanced Usage/Advanced Showcases/Weight Tracker"},{"name":"iconClass","value":"bx bx-file","type":"label"}]},{"id":"_help_xYjQUYhpbUEW","title":"Task Manager","type":"doc","attributes":[{"type":"label","name":"docName","value":"User Guide/User Guide/Advanced Usage/Advanced Showcases/Task Manager"},{"name":"iconClass","value":"bx bx-calendar-check","type":"label"}]}]},{"id":"_help_J5Ex1ZrMbyJ6","title":"Custom Request Handler","type":"doc","attributes":[{"type":"label","name":"docName","value":"User Guide/User Guide/Advanced Usage/Custom Request Handler"},{"name":"iconClass","value":"bx bx-file","type":"label"}]},{"id":"_help_d3fAXQ2diepH","title":"Custom Resource Providers","type":"doc","attributes":[{"type":"label","name":"docName","value":"User Guide/User Guide/Advanced Usage/Custom Resource Providers"},{"name":"iconClass","value":"bx bx-file","type":"label"}]},{"id":"_help_pgxEVkzLl1OP","title":"ETAPI (REST API)","type":"doc","attributes":[{"type":"label","name":"docName","value":"User Guide/User Guide/Advanced Usage/ETAPI (REST API)"},{"name":"iconClass","value":"bx bx-file","type":"label"}],"children":[{"id":"_help_9qPsTWBorUhQ","title":"API Reference","type":"webView","attributes":[{"type":"label","name":"webViewSrc","value":"/etapi/docs"},{"name":"iconClass","value":"bx bx-file","type":"label"}]}]},{"id":"_help_47ZrP6FNuoG8","title":"Default Note Title","type":"doc","attributes":[{"type":"label","name":"docName","value":"User Guide/User Guide/Advanced Usage/Default Note Title"},{"name":"iconClass","value":"bx bx-file","type":"label"}]},{"id":"_help_wX4HbRucYSDD","title":"Database","type":"doc","attributes":[{"type":"label","name":"docName","value":"User Guide/User Guide/Advanced Usage/Database"},{"name":"iconClass","value":"bx bx-data","type":"label"}],"children":[{"id":"_help_oyIAJ9PvvwHX","title":"Manually altering the database","type":"doc","attributes":[{"type":"label","name":"docName","value":"User Guide/User Guide/Advanced Usage/Database/Manually altering the database"},{"name":"iconClass","value":"bx bx-file","type":"label"}],"children":[{"id":"_help_YKWqdJhzi2VY","title":"SQL Console","type":"doc","attributes":[{"type":"label","name":"docName","value":"User Guide/User Guide/Advanced Usage/Database/Manually altering the database/SQL Console"},{"name":"iconClass","value":"bx bx-data","type":"label"}]}]},{"id":"_help_6tZeKvSHEUiB","title":"Demo Notes","type":"doc","attributes":[{"type":"label","name":"docName","value":"User Guide/User Guide/Advanced Usage/Database/Demo Notes"},{"name":"iconClass","value":"bx bx-package","type":"label"}]}]},{"id":"_help_Gzjqa934BdH4","title":"Configuration (config.ini or environment variables)","type":"doc","attributes":[{"type":"label","name":"docName","value":"User Guide/User Guide/Advanced Usage/Configuration (config.ini or e"},{"name":"iconClass","value":"bx bx-file","type":"label"}],"children":[{"id":"_help_c5xB8m4g2IY6","title":"Trilium instance","type":"doc","attributes":[{"type":"label","name":"docName","value":"User Guide/User Guide/Advanced Usage/Configuration (config.ini or environment variables)/Trilium instance"},{"name":"iconClass","value":"bx bx-file","type":"label"}]},{"id":"_help_LWtBjFej3wX3","title":"Cross-Origin Resource Sharing (CORS)","type":"doc","attributes":[{"type":"label","name":"docName","value":"User Guide/User Guide/Advanced Usage/Configuration (config.ini or environment variables)/Cross-Origin Resource Sharing "},{"name":"iconClass","value":"bx bx-file","type":"label"}]}]},{"id":"_help_ivYnonVFBxbQ","title":"Bulk Actions","type":"doc","attributes":[{"type":"label","name":"docName","value":"User Guide/User Guide/Advanced Usage/Bulk Actions"},{"name":"iconClass","value":"bx bx-list-plus","type":"label"}]},{"id":"_help_4FahAwuGTAwC","title":"Note source","type":"doc","attributes":[{"type":"label","name":"docName","value":"User Guide/User Guide/Advanced Usage/Note source"},{"name":"iconClass","value":"bx bx-code","type":"label"}]},{"id":"_help_1YeN2MzFUluU","title":"Technologies used","type":"doc","attributes":[{"type":"label","name":"docName","value":"User Guide/User Guide/Advanced Usage/Technologies used"},{"name":"iconClass","value":"bx bxs-component","type":"label"}],"children":[{"id":"_help_MI26XDLSAlCD","title":"CKEditor","type":"doc","attributes":[{"type":"label","name":"docName","value":"User Guide/User Guide/Advanced Usage/Technologies used/CKEditor"},{"name":"iconClass","value":"bx bx-file","type":"label"}]},{"id":"_help_N4IDkixaDG9C","title":"MindElixir","type":"doc","attributes":[{"type":"label","name":"docName","value":"User Guide/User Guide/Advanced Usage/Technologies used/MindElixir"},{"name":"iconClass","value":"bx bx-file","type":"label"}]},{"id":"_help_H0mM1lTxF9JI","title":"Excalidraw","type":"doc","attributes":[{"type":"label","name":"docName","value":"User Guide/User Guide/Advanced Usage/Technologies used/Excalidraw"},{"name":"iconClass","value":"bx bx-file","type":"label"}]},{"id":"_help_MQHyy2dIFgxS","title":"Leaflet","type":"doc","attributes":[{"type":"label","name":"docName","value":"User Guide/User Guide/Advanced Usage/Technologies used/Leaflet"},{"name":"iconClass","value":"bx bx-file","type":"label"}]}]},{"id":"_help_m1lbrzyKDaRB","title":"Note ID","type":"doc","attributes":[{"type":"label","name":"docName","value":"User Guide/User Guide/Advanced Usage/Note ID"},{"name":"iconClass","value":"bx bx-hash","type":"label"}]},{"id":"_help_0vTSyvhPTAOz","title":"Internal API","type":"book","attributes":[{"name":"iconClass","value":"bx bx-folder","type":"label"}],"children":[{"id":"_help_z8O2VG4ZZJD7","title":"API Reference","type":"webView","attributes":[{"type":"label","name":"webViewSrc","value":"/api/docs"},{"name":"iconClass","value":"bx bx-file","type":"label"}]}]},{"id":"_help_2mUhVmZK8RF3","title":"Hidden Notes","type":"doc","attributes":[{"type":"label","name":"docName","value":"User Guide/User Guide/Advanced Usage/Hidden Notes"},{"name":"iconClass","value":"bx bx-hide","type":"label"}]}]},{"id":"_help_CdNpE2pqjmI6","title":"Scripting","type":"doc","attributes":[{"type":"label","name":"docName","value":"User Guide/User Guide/Scripting"},{"name":"iconClass","value":"bx bxs-file-js","type":"label"}],"children":[{"id":"_help_yIhgI5H7A2Sm","title":"Frontend Basics","type":"doc","attributes":[{"type":"label","name":"docName","value":"User Guide/User Guide/Scripting/Frontend Basics"},{"name":"iconClass","value":"bx bx-file","type":"label"}]},{"id":"_help_es8OU2GuguFU","title":"Examples","type":"book","attributes":[{"name":"iconClass","value":"bx bx-folder","type":"label"}],"children":[{"id":"_help_TjLYAo3JMO8X","title":"\"New Task\" launcher button","type":"doc","attributes":[{"type":"label","name":"docName","value":"User Guide/User Guide/Scripting/Examples/New Task launcher button"},{"name":"iconClass","value":"bx bx-task","type":"label"}]},{"id":"_help_7kZPMD0uFwkH","title":"Downloading responses from Google Forms","type":"doc","attributes":[{"type":"label","name":"docName","value":"User Guide/User Guide/Scripting/Examples/Downloading responses from Goo"},{"name":"iconClass","value":"bx bx-file","type":"label"}]},{"id":"_help_DL92EjAaXT26","title":"Using promoted attributes to configure scripts","type":"doc","attributes":[{"type":"label","name":"docName","value":"User Guide/User Guide/Scripting/Examples/Using promoted attributes to c"},{"name":"iconClass","value":"bx bx-file","type":"label"}]}]},{"id":"_help_GPERMystNGTB","title":"Events","type":"doc","attributes":[{"type":"label","name":"docName","value":"User Guide/User Guide/Scripting/Events"},{"name":"iconClass","value":"bx bx-rss","type":"label"}]},{"id":"_help_MgibgPcfeuGz","title":"Custom Widgets","type":"doc","attributes":[{"type":"label","name":"docName","value":"User Guide/User Guide/Scripting/Custom Widgets"},{"name":"iconClass","value":"bx bx-file","type":"label"}],"children":[{"id":"_help_YNxAqkI5Kg1M","title":"Word count widget","type":"doc","attributes":[{"type":"label","name":"docName","value":"User Guide/User Guide/Scripting/Custom Widgets/Word count widget"},{"name":"iconClass","value":"bx bx-file","type":"label"}]},{"id":"_help_SynTBQiBsdYJ","title":"Widget Basics","type":"doc","attributes":[{"type":"label","name":"docName","value":"User Guide/User Guide/Scripting/Custom Widgets/Widget Basics"},{"name":"iconClass","value":"bx bx-file","type":"label"}]}]},{"id":"_help_GLks18SNjxmC","title":"Script API","type":"doc","attributes":[{"type":"label","name":"docName","value":"User Guide/User Guide/Scripting/Script API"},{"name":"iconClass","value":"bx bx-file","type":"label"}],"children":[{"id":"_help_Q2z6av6JZVWm","title":"Frontend API","type":"webView","attributes":[{"type":"label","name":"webViewSrc","value":"https://triliumnext.github.io/Notes/Script%20API/interfaces/Frontend_Script_API.Api.html"},{"name":"iconClass","value":"bx bx-folder","type":"label"}],"children":[{"id":"_help_habiZ3HU8Kw8","title":"FNote","type":"webView","attributes":[{"type":"label","name":"webViewSrc","value":"https://triliumnext.github.io/Notes/Script%20API/classes/Frontend_Script_API.FNote.html"},{"name":"iconClass","value":"bx bx-file","type":"label"}]}]},{"id":"_help_MEtfsqa5VwNi","title":"Backend API","type":"webView","attributes":[{"type":"label","name":"webViewSrc","value":"https://triliumnext.github.io/Notes/Script%20API/interfaces/Backend_Script_API.Api.html"},{"name":"iconClass","value":"bx bx-file","type":"label"}]}]}]}]